Metric,Baseline,MediumChunk,LargeChunk,HigestValue
faithfulness,0.6984065006200426,0.8953588522951268,0.7961314889437262,0.9 (MediumChunk)
answer_relevancy,0.9467657853940756,0.9554186934800531,0.9592959096955642,0.96 (LargeChunk)
context_recall,0.8559027777777777,0.9340277777777777,0.84375,0.93 (MediumChunk)
context_precision,0.90393518515679,0.9374999999721645,0.9293981481191937,0.94 (MediumChunk)
answer_correctness,0.6487440233100689,0.6292674192183824,0.6325804534778305,0.65 (Baseline)
