Metric,Baseline
faithfulness,0.6984065006200426
answer_relevancy,0.9467657853940756
context_recall,0.8559027777777777
context_precision,0.90393518515679
answer_correctness,0.6487440233100689
