Metric,LargeChunk
faithfulness,0.7961314889437262
answer_relevancy,0.9592959096955642
context_recall,0.84375
context_precision,0.9293981481191937
answer_correctness,0.6325804534778305
