Metric,MediumChunk,MedChunkMedOverlap,MediumChunk -> MedChunkMedOverlap
faithfulness,0.8953588522951268,0.8408805591636662,-0.054478293131460576
answer_relevancy,0.9554186934800531,0.9520680673597367,-0.0033506261203164467
context_recall,0.9340277777777777,0.8472222222222222,-0.08680555555555547
context_precision,0.9374999999721645,0.9571759258948881,0.019675925922723603
answer_correctness,0.6292674192183824,0.6181490090254416,-0.011118410192940797
