Metric,ContextualCompression
faithfulness,0.7490919748849417
answer_relevancy,0.9139929840714447
context_recall,0.7256944444444443
context_precision,0.9050925925582561
answer_correctness,0.5706849416579475
