Metric,Fine-Tune Embedding
faithfulness,0.8683514087024626
answer_relevancy,0.955776890181432
context_recall,0.9444444444444443
context_precision,0.9536680366355096
answer_correctness,0.6034069059659971
